subset,dataset,variant,pruning_mode,tau,embedding_dim,dtype,n_queries,n_docs,ndcg@5,recall@1,recall@5,avg_doc_tokens,avg_doc_kb,total_doc_kb,mean_keep_ratio,storage_saving_pct
arxivqa,v1,adapter,none,,128,torch.bfloat16,500,500,0.7535,0.668,0.828,1024.0,256.0,128000.0,1.0,0.0
arxivqa,v1,linear_pruning,linear,,128,torch.bfloat16,500,500,0.7532,0.666,0.83,937.89,234.473,117236.5,0.9159,8.41
arxivqa,v1,perplexity_tau1,perplexity,1.0,128,torch.bfloat16,500,500,0.7362,0.636,0.822,493.37,123.3415,61670.75,0.4818,51.82
arxivqa,v1,perplexity_tau2,perplexity,2.0,128,torch.bfloat16,500,500,0.7415,0.65,0.816,708.86,177.216,88608.0,0.6923,30.77
arxivqa,v1,perplexity_tau3,perplexity,3.0,128,torch.bfloat16,500,500,0.7501,0.66,0.826,800.73,200.183,100091.5,0.782,21.8
docvqa,v1,adapter,none,,128,torch.bfloat16,500,500,0.4922,0.394,0.582,1024.0,256.0,128000.0,1.0,0.0
docvqa,v1,linear_pruning,linear,,128,torch.bfloat16,500,500,0.4904,0.392,0.58,928.73,232.182,116091.0,0.907,9.3
docvqa,v1,perplexity_tau1,perplexity,1.0,128,torch.bfloat16,500,500,0.4733,0.37,0.566,451.09,112.773,56386.5,0.4405,55.95
docvqa,v1,perplexity_tau2,perplexity,2.0,128,torch.bfloat16,500,500,0.4907,0.39,0.582,677.65,169.412,84706.0,0.6618,33.82
docvqa,v1,perplexity_tau3,perplexity,3.0,128,torch.bfloat16,500,500,0.4878,0.39,0.574,777.08,194.27,97135.0,0.7589,24.11
infovqa,v1,adapter,none,,128,torch.bfloat16,500,500,0.7943,0.708,0.86,1024.0,256.0,128000.0,1.0,0.0
infovqa,v1,linear_pruning,linear,,128,torch.bfloat16,500,500,0.7945,0.71,0.856,937.19,234.2985,117149.25,0.9152,8.48
infovqa,v1,perplexity_tau1,perplexity,1.0,128,torch.bfloat16,500,500,0.783,0.702,0.848,488.48,122.119,61059.5,0.477,52.3
infovqa,v1,perplexity_tau2,perplexity,2.0,128,torch.bfloat16,500,500,0.7957,0.72,0.856,705.83,176.4565,88228.25,0.6893,31.07
infovqa,v1,perplexity_tau3,perplexity,3.0,128,torch.bfloat16,500,500,0.7923,0.71,0.854,798.6,199.651,99825.5,0.7799,22.01
shiftproject,v1,adapter,none,,128,torch.bfloat16,100,1000,0.715,0.56,0.84,1024.0,256.0,256000.0,1.0,0.0
shiftproject,v1,linear_pruning,linear,,128,torch.bfloat16,100,1000,0.7189,0.56,0.85,924.7,231.175,231175.0,0.903,9.7
shiftproject,v1,perplexity_tau1,perplexity,1.0,128,torch.bfloat16,100,1000,0.6687,0.53,0.78,432.08,108.0203,108020.25,0.422,57.8
shiftproject,v1,perplexity_tau2,perplexity,2.0,128,torch.bfloat16,100,1000,0.7153,0.56,0.85,663.87,165.968,165968.0,0.6483,35.17
shiftproject,v1,perplexity_tau3,perplexity,3.0,128,torch.bfloat16,100,1000,0.7102,0.54,0.85,766.63,191.657,191657.0,0.7487,25.13
synth_ai,v1,adapter,none,,128,torch.bfloat16,100,968,0.9512,0.92,0.98,1024.0,256.0,247808.0,1.0,0.0
synth_ai,v1,linear_pruning,linear,,128,torch.bfloat16,100,968,0.9549,0.93,0.98,943.41,235.8536,228306.25,0.9213,7.87
synth_ai,v1,perplexity_tau1,perplexity,1.0,128,torch.bfloat16,100,968,0.9352,0.91,0.96,519.88,129.9711,125812.0,0.5077,49.23
synth_ai,v1,perplexity_tau2,perplexity,2.0,128,torch.bfloat16,100,968,0.9447,0.91,0.98,728.01,182.0034,176179.25,0.711,28.9
synth_ai,v1,perplexity_tau3,perplexity,3.0,128,torch.bfloat16,100,968,0.9458,0.91,0.98,815.18,203.7952,197273.75,0.7961,20.39
synth_energy,v1,adapter,none,,128,torch.bfloat16,100,977,0.9122,0.86,0.95,1024.0,256.0,250112.0,1.0,0.0
synth_energy,v1,linear_pruning,linear,,128,torch.bfloat16,100,977,0.9122,0.86,0.95,934.82,233.706,228330.75,0.9129,8.71
synth_energy,v1,perplexity_tau1,perplexity,1.0,128,torch.bfloat16,100,977,0.9043,0.84,0.95,477.93,119.4823,116734.25,0.4667,53.33
synth_energy,v1,perplexity_tau2,perplexity,2.0,128,torch.bfloat16,100,977,0.9018,0.83,0.95,697.92,174.4811,170468.0,0.6816,31.84
synth_energy,v1,perplexity_tau3,perplexity,3.0,128,torch.bfloat16,100,977,0.9078,0.85,0.95,792.58,198.1438,193586.5,0.774,22.6
synth_gov,v1,adapter,none,,128,torch.bfloat16,100,972,0.9398,0.88,0.98,1024.0,256.0,248832.0,1.0,0.0
synth_gov,v1,linear_pruning,linear,,128,torch.bfloat16,100,972,0.9368,0.87,0.98,934.2,233.5502,227010.75,0.9123,8.77
synth_gov,v1,perplexity_tau1,perplexity,1.0,128,torch.bfloat16,100,972,0.9198,0.85,0.97,475.17,118.7927,115466.5,0.464,53.6
synth_gov,v1,perplexity_tau2,perplexity,2.0,128,torch.bfloat16,100,972,0.9257,0.84,0.98,695.86,173.9658,169094.75,0.6796,32.04
synth_gov,v1,perplexity_tau3,perplexity,3.0,128,torch.bfloat16,100,972,0.9331,0.86,0.98,791.0,197.751,192214.0,0.7725,22.75
synth_health,v1,adapter,none,,128,torch.bfloat16,100,965,0.9431,0.87,0.99,1024.0,256.0,247040.0,1.0,0.0
synth_health,v1,linear_pruning,linear,,128,torch.bfloat16,100,965,0.9418,0.87,0.99,935.25,233.8137,225630.25,0.9133,8.67
synth_health,v1,perplexity_tau1,perplexity,1.0,128,torch.bfloat16,100,965,0.9371,0.87,0.99,480.36,120.0902,115887.0,0.4691,53.09
synth_health,v1,perplexity_tau2,perplexity,2.0,128,torch.bfloat16,100,965,0.9398,0.87,0.99,699.62,174.9039,168782.25,0.6832,31.68
synth_health,v1,perplexity_tau3,perplexity,3.0,128,torch.bfloat16,100,965,0.9405,0.87,0.99,793.79,198.4484,191502.75,0.7752,22.48
tabfquad,v1,adapter,none,,128,torch.bfloat16,280,70,0.864,0.7893,0.9321,1024.0,256.0,17920.0,1.0,0.0
tabfquad,v1,linear_pruning,linear,,128,torch.bfloat16,280,70,0.8638,0.7857,0.9321,928.93,232.2321,16256.25,0.9072,9.28
tabfquad,v1,perplexity_tau1,perplexity,1.0,128,torch.bfloat16,280,70,0.8343,0.7393,0.9143,449.4,112.35,7864.5,0.4389,56.11
tabfquad,v1,perplexity_tau2,perplexity,2.0,128,torch.bfloat16,280,70,0.8545,0.7679,0.9321,677.31,169.3286,11853.0,0.6614,33.86
tabfquad,v1,perplexity_tau3,perplexity,3.0,128,torch.bfloat16,280,70,0.8579,0.775,0.9321,777.03,194.2571,13598.0,0.7588,24.12
tatdqa,v1,adapter,none,,128,torch.bfloat16,1663,277,0.6324,0.4726,0.7649,1024.0,256.0,70912.0,1.0,0.0
tatdqa,v1,linear_pruning,linear,,128,torch.bfloat16,1663,277,0.6282,0.4756,0.7547,922.83,230.7076,63906.0,0.9012,9.88
tatdqa,v1,perplexity_tau1,perplexity,1.0,128,torch.bfloat16,1663,277,0.5755,0.4173,0.7138,424.37,106.093,29387.75,0.4144,58.56
tatdqa,v1,perplexity_tau2,perplexity,2.0,128,torch.bfloat16,1663,277,0.6138,0.4528,0.7517,657.85,164.4621,45556.0,0.6424,35.76
tatdqa,v1,perplexity_tau3,perplexity,3.0,128,torch.bfloat16,1663,277,0.6208,0.4612,0.7571,761.94,190.4838,52764.0,0.7441,25.59
biomedical_v2,v2,adapter,none,,128,torch.bfloat16,640,1016,0.5037,0.2685,0.5479,1024.0,256.0,260096.0,1.0,0.0
biomedical_v2,v2,linear_pruning,linear,,128,torch.bfloat16,640,1016,0.5025,0.2644,0.5492,933.3,233.3246,237057.75,0.9114,8.86
biomedical_v2,v2,perplexity_tau1,perplexity,1.0,128,torch.bfloat16,640,1016,0.474,0.2362,0.5223,469.56,117.3905,119268.75,0.4586,54.14
biomedical_v2,v2,perplexity_tau2,perplexity,2.0,128,torch.bfloat16,640,1016,0.4964,0.2607,0.5418,692.26,173.0645,175833.5,0.676,32.4
biomedical_v2,v2,perplexity_tau3,perplexity,3.0,128,torch.bfloat16,640,1016,0.4995,0.2644,0.5451,788.39,197.0977,200251.25,0.7699,23.01
economics_v2,v2,adapter,none,,128,torch.bfloat16,232,452,0.5231,0.103,0.2748,1024.0,256.0,115712.0,1.0,0.0
economics_v2,v2,linear_pruning,linear,,128,torch.bfloat16,232,452,0.5281,0.1053,0.2767,932.1,233.0243,105327.0,0.9103,8.97
economics_v2,v2,perplexity_tau1,perplexity,1.0,128,torch.bfloat16,232,452,0.4961,0.0871,0.2632,465.46,116.3645,52596.75,0.4545,54.55
economics_v2,v2,perplexity_tau2,perplexity,2.0,128,torch.bfloat16,232,452,0.4953,0.086,0.2625,688.8,172.2002,77834.5,0.6727,32.73
economics_v2,v2,perplexity_tau3,perplexity,3.0,128,torch.bfloat16,232,452,0.5179,0.1061,0.2708,785.63,196.4071,88776.0,0.7672,23.28
esg_human_v2,v2,adapter,none,,128,torch.bfloat16,104,3076,0.3834,0.1912,0.4709,1024.0,256.0,787456.0,1.0,0.0
esg_human_v2,v2,linear_pruning,linear,,128,torch.bfloat16,104,3076,0.4091,0.2018,0.5007,932.5,233.1252,717093.0,0.9106,8.94
esg_human_v2,v2,perplexity_tau1,perplexity,1.0,128,torch.bfloat16,104,3076,0.3628,0.2008,0.4316,467.3,116.8262,359357.5,0.4564,54.36
esg_human_v2,v2,perplexity_tau2,perplexity,2.0,128,torch.bfloat16,104,3076,0.3722,0.186,0.4625,690.1,172.5245,530685.5,0.6739,32.61
esg_human_v2,v2,perplexity_tau3,perplexity,3.0,128,torch.bfloat16,104,3076,0.3403,0.1113,0.4503,786.6,196.6512,604899.0,0.7682,23.18
esg_v2,v2,adapter,none,,128,torch.bfloat16,228,1538,0.4998,0.1945,0.5237,1024.0,256.0,393728.0,1.0,0.0
esg_v2,v2,linear_pruning,linear,,128,torch.bfloat16,228,1538,0.4969,0.1944,0.5234,932.46,233.1146,358530.25,0.9106,8.94
esg_v2,v2,perplexity_tau1,perplexity,1.0,128,torch.bfloat16,228,1538,0.4784,0.1939,0.4996,467.01,116.7537,179567.25,0.4561,54.39
esg_v2,v2,perplexity_tau2,perplexity,2.0,128,torch.bfloat16,228,1538,0.4886,0.1964,0.512,689.9,172.4753,265267.0,0.6737,32.63
esg_v2,v2,perplexity_tau3,perplexity,3.0,128,torch.bfloat16,228,1538,0.4937,0.2107,0.5137,786.48,196.6201,302401.75,0.768,23.2
AVERAGE,v1,adapter,none,,128,torch.bfloat16,3943,6729,0.7998,0.7122,0.8707,1024.0,256.0,1722624.0,1.0,0.0
AVERAGE,v1,linear_pruning,linear,,128,torch.bfloat16,3943,6729,0.7995,0.7119,0.8703,932.8,233.1992,1571092.0,0.9109,8.91
AVERAGE,v1,perplexity_tau1,perplexity,1.0,128,torch.bfloat16,3943,6729,0.7767,0.6865,0.8514,469.21,117.3033,798289.0,0.4582,54.18
AVERAGE,v1,perplexity_tau2,perplexity,2.0,128,torch.bfloat16,3943,6729,0.7923,0.6991,0.8688,691.28,172.8197,1169443.5,0.6751,32.49
AVERAGE,v1,perplexity_tau3,perplexity,3.0,128,torch.bfloat16,3943,6729,0.7946,0.7026,0.8693,787.46,196.864,1329648.0,0.769,23.1
AVERAGE,v2,adapter,none,,128,torch.bfloat16,1204,6082,0.4775,0.1893,0.4543,1024.0,256.0,1556992.0,1.0,0.0
AVERAGE,v2,linear_pruning,linear,,128,torch.bfloat16,1204,6082,0.4841,0.1915,0.4625,932.59,233.1472,1418008.0,0.9107,8.93
AVERAGE,v2,perplexity_tau1,perplexity,1.0,128,torch.bfloat16,1204,6082,0.4528,0.1795,0.4292,467.33,116.8337,710790.25,0.4564,54.36
AVERAGE,v2,perplexity_tau2,perplexity,2.0,128,torch.bfloat16,1204,6082,0.4631,0.1823,0.4447,690.26,172.5661,1049620.5,0.6741,32.59
AVERAGE,v2,perplexity_tau3,perplexity,3.0,128,torch.bfloat16,1204,6082,0.4629,0.1731,0.445,786.77,196.694,1196328.0,0.7683,23.17
